{"cameraMode":{"drawMode":0,"name":"Shaded","section":"Shading Mode"},"sceneLighting":false,"audioPlay":false,"sceneViewState":{"m_AlwaysRefresh":false,"showFog":true,"showSkybox":false,"showFlares":true,"showImageEffects":true,"showParticleSystems":true,"showVisualEffectGraphs":true,"m_FxEnabled":true},"in2DMode":false,"pivot":{"x":-8.926740646362305,"y":-0.03197881579399109,"z":0.023763835430145265},"rotation":{"x":0.0001865571684902534,"y":-0.9981846809387207,"z":0.0008999004494398832,"w":0.06432148069143295},"size":0.8660253882408142,"orthographic":false}