{"cameraMode":{"drawMode":0,"name":"Shaded","section":"Shading Mode"},"sceneLighting":false,"audioPlay":false,"sceneViewState":{"m_AlwaysRefresh":false,"showFog":true,"showSkybox":false,"showFlares":true,"showImageEffects":true,"showParticleSystems":true,"showVisualEffectGraphs":true,"m_FxEnabled":true},"in2DMode":false,"pivot":{"x":0.9837875366210938,"y":0.6444160342216492,"z":-0.14599844813346864},"rotation":{"x":-0.013443026691675187,"y":-0.7338699698448181,"z":0.015374808572232724,"w":-0.6794590353965759},"size":3.202188014984131,"orthographic":false}