{"cameraMode":{"drawMode":0,"name":"Shaded","section":"Shading Mode"},"sceneLighting":true,"audioPlay":false,"sceneViewState":{"m_AlwaysRefresh":false,"showFog":true,"showSkybox":true,"showFlares":true,"showImageEffects":true,"showParticleSystems":true,"showVisualEffectGraphs":true,"m_FxEnabled":true},"in2DMode":false,"pivot":{"x":275.0172424316406,"y":-28.196941375732423,"z":548.4437255859375},"rotation":{"x":-0.02444418892264366,"y":-0.32053235173225405,"z":0.008275160565972329,"w":-0.9468920230865479},"size":314.4704895019531,"orthographic":false}