{"cameraMode":{"drawMode":0,"name":"Shaded","section":"Shading Mode"},"sceneLighting":false,"audioPlay":false,"sceneViewState":{"m_AlwaysRefresh":false,"showFog":true,"showSkybox":false,"showFlares":true,"showImageEffects":true,"showParticleSystems":true,"showVisualEffectGraphs":true,"m_FxEnabled":true},"in2DMode":false,"pivot":{"x":-1.986717700958252,"y":1.2415372133255005,"z":0.5982820391654968},"rotation":{"x":-0.005767607130110264,"y":0.9545419812202454,"z":0.016736561432480813,"w":0.2986298203468323},"size":2.6021881103515627,"orthographic":false}