{"cameraMode":{"drawMode":0,"name":"Shaded","section":"Shading Mode"},"sceneLighting":false,"audioPlay":false,"sceneViewState":{"m_AlwaysRefresh":false,"showFog":true,"showSkybox":false,"showFlares":true,"showImageEffects":true,"showParticleSystems":true,"showVisualEffectGraphs":true,"m_FxEnabled":true},"in2DMode":false,"pivot":{"x":-1.0646641254425049,"y":-0.4744884967803955,"z":-0.28035950660705569},"rotation":{"x":0.2059342861175537,"y":-0.6340404152870178,"z":0.17994344234466554,"w":0.7237851619720459},"size":2.6021881103515627,"orthographic":false}